{"IcoMoonType":"selection","icons":[{"icon":{"paths":["M737.28 839.672l122.88-122.88-122.88-122.88","M737.28 184.32l122.88 122.88-122.88 122.88","M860.16 307.2h-163.84c-46.105 0-88.65 15.235-122.88 40.945M122.88 716.8h163.84c46.105 0 88.651-15.233 122.88-40.944","M122.88 307.2h163.84c113.108 0 204.8 91.692 204.8 204.8s91.693 204.8 204.8 204.8h163.84"],"attrs":[{"fill":"none","strokeLinejoin":"round","strokeLinecap":"round","strokeMiterlimit":"4","strokeWidth":81.92},{"fill":"none","strokeLinejoin":"round","strokeLinecap":"round","strokeMiterlimit":"4","strokeWidth":81.92},{"fill":"none","strokeLinejoin":"round","strokeLinecap":"round","strokeMiterlimit":"4","strokeWidth":81.92},{"fill":"none","strokeLinejoin":"round","strokeLinecap":"round","strokeMiterlimit":"4","strokeWidth":81.92}],"isMulticolor":false,"isMulticolor2":false,"grid":0,"tags":["mix"],"colorPermutations":{}},"attrs":[{"fill":"none","strokeLinejoin":"round","strokeLinecap":"round","strokeMiterlimit":"4","strokeWidth":81.92},{"fill":"none","strokeLinejoin":"round","strokeLinecap":"round","strokeMiterlimit":"4","strokeWidth":81.92},{"fill":"none","strokeLinejoin":"round","strokeLinecap":"round","strokeMiterlimit":"4","strokeWidth":81.92},{"fill":"none","strokeLinejoin":"round","strokeLinecap":"round","strokeMiterlimit":"4","strokeWidth":81.92}],"properties":{"order":22,"id":7,"name":"mix","prevSize":32,"code":59648},"setIdx":0,"setId":3,"iconIdx":0},{"icon":{"paths":["M236.909 196.398l393.244 315.827-394.446 314.325 1.202-630.151z","M788.216 236.834l-1.052 551.382"],"attrs":[{"strokeLinejoin":"round","strokeLinecap":"round","strokeMiterlimit":"4","strokeWidth":78.76923076923077},{"fill":"none","strokeLinejoin":"round","strokeLinecap":"round","strokeMiterlimit":"4","strokeWidth":78.76923076923077}],"isMulticolor":false,"isMulticolor2":false,"grid":0,"tags":["next"],"colorPermutations":{}},"attrs":[{"strokeLinejoin":"round","strokeLinecap":"round","strokeMiterlimit":"4","strokeWidth":78.76923076923077},{"fill":"none","strokeLinejoin":"round","strokeLinecap":"round","strokeMiterlimit":"4","strokeWidth":78.76923076923077}],"properties":{"order":23,"id":6,"name":"next","prevSize":32,"code":59649},"setIdx":0,"setId":3,"iconIdx":1},{"icon":{"paths":["M512 42.667c-259.206 0-469.333 210.128-469.333 469.333s210.128 469.333 469.333 469.333c259.206 0 469.333-210.128 469.333-469.333v0c0.003-0.635 0.005-1.387 0.005-2.138 0-258.027-209.173-467.2-467.2-467.2-0.752 0-1.504 0.002-2.255 0.005l0.117-0zM448 661.333c0 23.564-19.103 42.667-42.667 42.667s-42.667-19.103-42.667-42.667v0-298.667c0-23.564 19.103-42.667 42.667-42.667v0c23.104 1.11 41.557 19.563 42.663 42.564l0.004 0.102zM661.333 661.333c0 23.564-19.103 42.667-42.667 42.667s-42.667-19.103-42.667-42.667v0-298.667c0-23.564 19.103-42.667 42.667-42.667v0c23.104 1.11 41.557 19.563 42.663 42.564l0.004 0.102z"],"attrs":[],"isMulticolor":false,"isMulticolor2":false,"grid":0,"tags":["pause"],"colorPermutations":{}},"attrs":[],"properties":{"order":24,"id":5,"name":"pause","prevSize":32,"code":59650},"setIdx":0,"setId":3,"iconIdx":2},{"icon":{"paths":["M512 16c-274 0-496 222-496 496s222 496 496 496 496-222 496-496-222-496-496-496zM743.4 560l-352 202c-31.6 17.6-71.4-5-71.4-42v-416c0-36.8 39.6-59.6 71.4-42l352 214c32.8 18.4 32.8 65.8 0 84z"],"attrs":[],"isMulticolor":false,"isMulticolor2":false,"grid":0,"tags":["play"],"colorPermutations":{}},"attrs":[],"properties":{"order":25,"id":4,"name":"play","prevSize":32,"code":59651},"setIdx":0,"setId":3,"iconIdx":3},{"icon":{"paths":["M810.667 853.333l-426.667-341.333 426.667-341.333v682.667z","M213.333 810.667v-597.333"],"attrs":[{"strokeLinejoin":"round","strokeLinecap":"round","strokeMiterlimit":"4","strokeWidth":85.33333333333333},{"fill":"none","strokeLinejoin":"round","strokeLinecap":"round","strokeMiterlimit":"4","strokeWidth":85.33333333333333}],"isMulticolor":false,"isMulticolor2":false,"grid":0,"tags":["prev"],"colorPermutations":{}},"attrs":[{"strokeLinejoin":"round","strokeLinecap":"round","strokeMiterlimit":"4","strokeWidth":85.33333333333333},{"fill":"none","strokeLinejoin":"round","strokeLinecap":"round","strokeMiterlimit":"4","strokeWidth":85.33333333333333}],"properties":{"order":26,"id":3,"name":"prev","prevSize":32,"code":59652},"setIdx":0,"setId":3,"iconIdx":4},{"icon":{"paths":["M705.421 86.471l154.739 154.738-154.739 154.738","M163.84 473.305v-77.367c0-41.039 16.302-80.397 45.322-109.416s68.377-45.322 109.416-45.322h541.582","M318.578 937.538l-154.738-154.739 154.738-154.735","M860.16 550.679v77.369c0 41.038-16.302 80.396-45.322 109.416s-68.375 45.322-109.416 45.322h-541.581"],"attrs":[{"fill":"none","strokeLinejoin":"round","strokeLinecap":"round","strokeMiterlimit":"4","strokeWidth":81.92},{"fill":"none","strokeLinejoin":"round","strokeLinecap":"round","strokeMiterlimit":"4","strokeWidth":81.92},{"fill":"none","strokeLinejoin":"round","strokeLinecap":"round","strokeMiterlimit":"4","strokeWidth":81.92},{"fill":"none","strokeLinejoin":"round","strokeLinecap":"round","strokeMiterlimit":"4","strokeWidth":81.92}],"isMulticolor":false,"isMulticolor2":false,"grid":0,"tags":["repeat"],"colorPermutations":{}},"attrs":[{"fill":"none","strokeLinejoin":"round","strokeLinecap":"round","strokeMiterlimit":"4","strokeWidth":81.92},{"fill":"none","strokeLinejoin":"round","strokeLinecap":"round","strokeMiterlimit":"4","strokeWidth":81.92},{"fill":"none","strokeLinejoin":"round","strokeLinecap":"round","strokeMiterlimit":"4","strokeWidth":81.92},{"fill":"none","strokeLinejoin":"round","strokeLinecap":"round","strokeMiterlimit":"4","strokeWidth":81.92}],"properties":{"order":27,"id":2,"name":"repeat","prevSize":32,"code":59653},"setIdx":0,"setId":3,"iconIdx":5},{"icon":{"paths":["M29.038 609.684c-16.034 0-29.038-13.004-29.038-29.038v-190.85c0-129.3 105.196-234.496 234.496-234.496h619.222c16.034 0 29.038 13.004 29.038 29.038s-13.004 29.038-29.038 29.038h-619.222c-97.278 0-176.42 79.144-176.42 176.42v190.85c-0 16.038-13.004 29.038-29.038 29.038z","M155.864 522.564c-16.034 0-29.038-13.004-29.038-29.038v-103.726c0-58.364 49.306-107.67 107.67-107.67h329.112c16.034 0 29.038 13.004 29.038 29.038s-13.004 29.038-29.038 29.038h-329.112c-26.422 0-49.594 23.172-49.594 49.594v103.726c-0 16.034-13.002 29.038-29.038 29.038z","M723.254 59.318l271.708 190.402-271.708 190.406z","M723.25 469.164c-4.586 0-9.182-1.084-13.402-3.278-9.608-5-15.634-14.932-15.634-25.76v-380.812c0-10.828 6.026-20.76 15.634-25.76 9.606-5.004 21.2-4.24 30.068 1.98l271.706 190.406c7.756 5.436 12.374 14.31 12.374 23.78s-4.62 18.344-12.374 23.78l-271.706 190.402c-4.972 3.49-10.806 5.262-16.666 5.262zM752.292 115.122v269.194l192.072-134.598-192.072-134.596z","M789.504 868.704h-619.222c-16.034 0-29.038-13.004-29.038-29.038s13.004-29.038 29.038-29.038h619.222c97.278 0 176.42-79.144 176.42-176.42v-190.85c0-16.034 13.004-29.038 29.038-29.038s29.038 13.002 29.038 29.038v190.85c0 129.3-105.196 234.496-234.496 234.496z","M789.504 741.876h-329.112c-16.034 0-29.038-13.004-29.038-29.038s13.004-29.038 29.038-29.038h329.112c26.422 0 49.594-23.172 49.594-49.594v-103.726c0-16.034 13.004-29.038 29.038-29.038s29.038 13.004 29.038 29.038v103.726c-0 58.362-49.31 107.67-107.67 107.67z","M300.744 964.688l-271.706-190.404 271.706-190.404z","M300.746 993.726c-5.86 0-11.69-1.768-16.668-5.258l-271.704-190.406c-7.756-5.436-12.374-14.306-12.374-23.778s4.62-18.344 12.374-23.78l271.706-190.402c8.872-6.218 20.458-6.98 30.068-1.98 9.608 5 15.634 14.932 15.634 25.76v380.81c0 10.828-6.026 20.76-15.634 25.76-4.216 2.192-8.818 3.274-13.402 3.274zM79.636 774.284l192.072 134.6v-269.196l-192.072 134.596z"],"attrs":[],"isMulticolor":false,"isMulticolor2":false,"grid":0,"tags":["repeat2"],"colorPermutations":{}},"attrs":[],"properties":{"order":28,"id":1,"name":"repeat2","prevSize":32,"code":59654,"codes":[59654]},"setIdx":0,"setId":3,"iconIdx":6},{"icon":{"paths":["M528.48 448.116l48.7-3.148c1.111 7.962 3.148 13.888 6.481 18.147 5.37 6.666 12.777 9.999 22.591 9.999 7.222 0 12.962-1.667 16.851-5.185 3.703-2.778 5.925-7.222 5.925-11.851 0-4.444-2.037-8.703-5.555-11.481-3.703-3.333-12.407-6.666-26.109-9.629-22.406-5-38.516-11.666-47.959-20.184-9.444-7.962-14.814-19.628-14.443-32.035 0-8.518 2.592-17.036 7.407-24.072 5.555-7.962 13.147-14.258 22.221-17.776 9.814-4.259 23.517-6.481 40.738-6.481 21.11 0 37.22 3.889 48.33 11.851 11.11 7.777 17.776 20.369 19.813 37.59l-48.145 2.778c-1.296-7.407-3.889-12.777-8.148-16.295s-9.814-5.185-17.036-5.185c-5.925 0-10.37 1.296-13.332 3.703-2.778 2.222-4.629 5.555-4.444 9.259 0 2.778 1.481 5.37 3.703 7.037 2.407 2.222 8.148 4.259 17.221 6.111 22.406 4.814 38.331 9.629 48.145 14.629s16.851 11.11 21.11 18.332c4.444 7.407 6.666 15.925 6.481 24.628 0 10.37-2.963 20.739-8.888 29.442-6.111 9.073-14.629 16.11-24.628 20.369-10.555 4.629-23.887 7.037-39.812 7.037-28.146 0-47.589-5.37-58.514-16.295s-17.406-24.628-18.702-41.293zM11.666 502.927v-165.544h85.364c15.74 0 27.961 1.296 36.294 4.074 8.148 2.592 15.369 7.962 20.184 15.184 5.37 7.962 7.962 17.221 7.777 26.85 0.556 16.295-7.777 31.85-22.035 39.997-5.555 3.148-11.666 5.37-17.962 6.481 4.629 1.296 9.259 3.518 13.332 6.111 3.148 2.592 5.74 5.555 8.148 8.703 2.778 3.148 5.185 6.666 7.222 10.37l24.813 47.959h-58.144l-27.405-50.922c-3.518-6.481-6.481-10.74-9.259-12.777-3.703-2.592-8.148-3.889-12.592-3.889h-4.444v67.217h-51.293zM62.958 404.415h21.665c4.629-0.37 9.073-1.111 13.518-2.222 3.333-0.556 6.296-2.407 8.333-5.185 5-6.666 4.259-16.11-1.852-21.85-3.333-2.778-9.814-4.259-19.073-4.259h-22.591v33.516zM0 644.768l48.7-3.148c1.111 7.962 3.148 13.888 6.481 18.147 5.185 6.666 12.777 10.184 22.591 10.184 7.222 0 12.962-1.667 16.851-5.185 3.703-2.963 5.925-7.222 5.925-11.851 0-4.444-2.037-8.703-5.555-11.481-3.703-3.333-12.407-6.666-26.294-9.629-22.406-5-38.516-11.666-47.959-20.184-9.444-7.962-14.814-19.628-14.443-32.035 0-8.518 2.592-17.036 7.407-24.072 5.555-7.962 13.147-14.258 22.221-17.776 9.814-4.259 23.517-6.481 40.738-6.481 21.11 0 37.22 3.889 48.33 11.851s17.591 20.369 19.628 37.59l-48.145 2.778c-1.296-7.407-3.889-12.777-8.148-16.295-4.074-3.518-9.814-5.185-17.036-5-5.925 0-10.37 1.296-13.332 3.889-2.963 2.222-4.629 5.555-4.444 9.259 0 2.778 1.481 5.37 3.703 7.037 2.407 2.222 8.148 4.259 17.221 6.111 22.406 4.814 38.331 9.629 48.145 14.629s16.851 11.11 21.11 18.332c4.444 7.407 6.666 15.925 6.666 24.443 0 10.37-3.148 20.554-8.888 29.257-6.111 9.073-14.629 16.11-24.628 20.369-10.555 4.629-23.887 7.037-39.812 7.037-28.146 0-47.589-5.37-58.514-16.295-10.925-11.11-17.036-24.813-18.517-41.478z","M246.278 631.806l44.812 13.518c-2.407 11.295-7.407 22.035-14.258 31.479-6.296 8.333-14.629 14.814-24.072 19.073-9.629 4.259-21.85 6.481-36.664 6.481-17.962 0-32.775-2.592-44.071-7.777-11.481-5.185-21.295-14.443-29.627-27.591s-12.407-29.998-12.407-50.552c0-27.405 7.222-48.515 21.85-63.144s35.183-22.035 61.847-22.035c20.924 0 37.22 4.259 49.256 12.592 11.851 8.518 20.739 21.48 26.665 38.886l-45.182 9.999c-1.111-3.889-2.778-7.777-5-11.11-2.778-3.889-6.296-6.851-10.555-9.073s-9.073-3.148-13.888-3.148c-11.666 0-20.554 4.629-26.665 14.073-4.629 6.851-7.037 17.776-7.037 32.59 0 18.332 2.778 30.924 8.333 37.775s13.332 10.184 23.517 10.184c9.814 0 17.221-2.778 22.221-8.148 5-5.74 8.703-13.703 10.925-24.072zM350.901 534.035h51.107v57.959h55.922v-57.959h51.478v165.544h-51.478v-67.032h-55.922v67.032h-51.107v-165.544z","M502.371 616.807c0-27.035 7.592-48.145 22.591-63.144s36.108-22.591 62.958-22.591c27.591 0 48.7 7.407 63.699 22.221s22.406 35.553 22.406 62.218c0 19.443-3.333 35.183-9.814 47.589-6.296 12.221-16.11 22.221-28.146 28.887-12.407 6.851-27.776 10.37-46.108 10.37-18.702 0-34.072-2.963-46.293-8.888-12.592-6.296-22.961-16.11-29.813-28.146-7.592-12.962-11.481-29.072-11.481-48.515zM553.478 616.992c0 16.665 3.148 28.702 9.259 36.108 6.111 7.222 14.629 10.925 25.369 10.925 10.925 0 19.443-3.518 25.554-10.74s9.073-19.999 9.073-38.516c0-15.554-3.148-27.035-9.444-34.072-6.296-7.222-14.814-10.74-25.554-10.74-9.444-0.37-18.517 3.703-24.813 10.925s-9.444 19.258-9.444 36.108zM726.429 616.807c0-27.035 7.592-48.145 22.591-63.144s36.108-22.591 62.958-22.591c27.591 0 48.885 7.407 63.699 22.221s22.406 35.553 22.406 62.218c0 19.443-3.333 35.183-9.814 47.589-6.296 12.221-16.11 22.221-28.146 28.887-12.407 6.851-27.776 10.37-46.108 10.37-18.702 0-34.072-2.963-46.293-8.888-12.592-6.296-22.961-16.11-29.813-28.146-7.592-12.962-11.481-29.072-11.481-48.515zM777.536 616.992c0 16.665 3.148 28.702 9.259 36.108 6.111 7.222 14.629 10.925 25.369 10.925 10.925 0 19.443-3.518 25.554-10.74s9.073-19.999 9.073-38.516c0-15.554-3.148-27.035-9.444-34.072-6.296-7.222-14.814-10.74-25.554-10.74-9.444-0.37-18.702 3.703-24.813 10.925-6.296 7.222-9.444 19.258-9.444 36.108z","M892.713 534.035h51.107v124.806h79.809v40.738h-131.102v-165.544z","M554.265 426.896l265.893-200.372 183.99 244.155-265.893 200.372z","M871.821 377.67c31.882 42.307 16.015 108.037-35.439 146.812s-119.011 35.912-150.893-6.395c-31.882-42.307-16.015-108.037 35.439-146.812s119.011-35.912 150.893 6.395z","M628.307 443.199l186.187-140.302 115.562 153.357-186.187 140.302z","M871.821 377.67c31.882 42.307 16.015 108.037-35.439 146.812s-119.011 35.912-150.893-6.395c-31.882-42.307-16.015-108.037 35.439-146.812s119.011-35.912 150.893 6.395z","M628.307 443.199l186.187-140.302 115.562 153.357-186.187 140.302z","M554.265 426.896l265.893-200.372 183.99 244.155-265.893 200.372z","M871.821 377.67c31.882 42.307 16.015 108.037-35.439 146.812s-119.011 35.912-150.893-6.395c-31.882-42.307-16.015-108.037 35.439-146.812s119.011-35.912 150.893 6.395z","M726.614 435.709l18.517-12.962 22.776 32.405c3.889 5.185 6.851 10.74 9.073 16.851 1.296 4.629 0.926 9.629-0.926 14.073-2.407 5.555-6.296 10.184-11.481 13.518-6.111 4.259-11.295 6.666-15.74 7.407-4.259 0.741-8.703 0-12.777-1.852-4.444-2.222-8.333-5.37-11.295-9.444l15.925-14.814c1.296 2.037 2.963 3.889 4.814 5.37 1.296 0.926 2.778 1.481 4.444 1.481 1.296 0 2.592-0.556 3.518-1.296 1.852-1.111 3.148-3.333 2.963-5.555-0.556-3.148-1.852-6.296-3.889-8.703l-25.924-36.479zM782.166 456.263l16.851-13.332c1.852 2.222 4.259 3.889 6.851 4.814 3.703 1.111 7.592 0.37 10.74-2.037 2.222-1.481 4.074-3.518 4.814-6.111 1.111-3.333-0.741-7.037-4.074-8.148-0.556-0.185-1.111-0.37-1.667-0.37-2.222-0.185-6.111 0.741-11.851 3.148-9.444 3.889-16.851 5.37-22.406 4.814-5.37-0.556-10.37-3.333-13.332-7.962-2.222-3.148-3.333-6.851-3.518-10.555 0-4.259 1.111-8.518 3.518-12.036 3.518-5 7.777-9.259 12.962-12.592 7.777-5.37 14.629-7.962 20.554-7.962s11.481 2.778 16.665 8.518l-16.665 13.147c-3.333-4.259-9.629-5.185-13.888-1.852l-0.556 0.556c-1.852 1.111-3.148 2.778-3.889 4.814-0.556 1.481-0.185 3.148 0.741 4.444 0.741 0.926 1.852 1.667 3.148 1.667 1.481 0.185 4.074-0.556 7.777-2.222 9.259-3.889 16.295-6.111 21.11-6.851 4.074-0.741 8.333-0.37 12.221 1.296 3.518 1.481 6.481 4.074 8.518 7.222 2.592 3.703 4.074 8.148 4.259 12.777 0.185 4.814-1.111 9.444-3.703 13.518-3.333 5-7.592 9.259-12.592 12.592-10.184 7.037-18.517 9.999-25.183 8.888-7.222-1.111-13.147-4.814-17.406-10.184z"],"attrs":[{},{},{},{},{},{},{},{"strokeLinejoin":"miter","strokeLinecap":"butt","strokeMiterlimit":"10","strokeWidth":7.406871609403255},{"fill":"none","strokeLinejoin":"miter","strokeLinecap":"butt","strokeMiterlimit":"10","strokeWidth":7.406871609403255},{"fill":"none","strokeLinejoin":"miter","strokeLinecap":"butt","strokeMiterlimit":"10","strokeWidth":7.406871609403255},{"fill":"none","strokeLinejoin":"miter","strokeLinecap":"butt","strokeMiterlimit":"10","strokeWidth":7.406871609403255},{}],"isMulticolor":true,"isMulticolor2":true,"grid":0,"tags":["rs_school_js"],"colorPermutations":{}},"attrs":[{},{},{},{},{},{},{},{"strokeLinejoin":"miter","strokeLinecap":"butt","strokeMiterlimit":"10","strokeWidth":7.406871609403255},{"fill":"none","strokeLinejoin":"miter","strokeLinecap":"butt","strokeMiterlimit":"10","strokeWidth":7.406871609403255},{"fill":"none","strokeLinejoin":"miter","strokeLinecap":"butt","strokeMiterlimit":"10","strokeWidth":7.406871609403255},{"fill":"none","strokeLinejoin":"miter","strokeLinecap":"butt","strokeMiterlimit":"10","strokeWidth":7.406871609403255},{}],"properties":{"order":29,"id":0,"name":"rs_school_js","prevSize":32,"code":59655,"codes":[59655,59656,59657,59658,59659,59660,59661,59662,59663,59664,59665,59666]},"setIdx":0,"setId":3,"iconIdx":7}],"height":1024,"metadata":{"name":"icons"},"preferences":{"showGlyphs":true,"showQuickUse":true,"showQuickUse2":true,"showSVGs":true,"fontPref":{"prefix":"icon-","metadata":{"fontFamily":"icons","majorVersion":1,"minorVersion":0},"metrics":{"emSize":1024,"baseline":6.25,"whitespace":50},"embed":false,"includeMetadata":true},"imagePref":{"prefix":"icon-","png":true,"useClassSelector":true,"color":0,"bgColor":16777215,"classSelector":".icon"},"historySize":50,"showCodes":true,"gridSize":16}}